{"fold": 1, "epoch": 1, "train acc": "0.59564", "train loss": "0.92596", "test acc": "0.63559", "test loss": "1.02370", "best test acc": "0.63559", "best epoch": 1}
{"fold": 1, "epoch": 2, "train acc": "0.63258", "train loss": "0.58030", "test acc": "0.62712", "test loss": "1.47286", "best test acc": "0.63559", "best epoch": 1}
{"fold": 1, "epoch": 3, "train acc": "0.63447", "train loss": "0.21010", "test acc": "0.72034", "test loss": "0.37513", "best test acc": "0.72034", "best epoch": 3}
{"fold": 1, "epoch": 4, "train acc": "0.66098", "train loss": "0.10956", "test acc": "0.77119", "test loss": "0.97268", "best test acc": "0.77119", "best epoch": 4}
{"fold": 1, "epoch": 5, "train acc": "0.66004", "train loss": "0.11678", "test acc": "0.57627", "test loss": "0.34701", "best test acc": "0.77119", "best epoch": 4}
{"fold": 1, "epoch": 6, "train acc": "0.66572", "train loss": "0.11512", "test acc": "0.72034", "test loss": "1.96405", "best test acc": "0.77119", "best epoch": 4}
{"fold": 1, "epoch": 7, "train acc": "0.66477", "train loss": "0.19546", "test acc": "0.45763", "test loss": "0.30869", "best test acc": "0.77119", "best epoch": 4}
{"fold": 1, "epoch": 8, "train acc": "0.65909", "train loss": "0.18579", "test acc": "0.66102", "test loss": "2.46084", "best test acc": "0.77119", "best epoch": 4}
{"fold": 1, "epoch": 9, "train acc": "0.66667", "train loss": "0.14982", "test acc": "0.50000", "test loss": "0.35858", "best test acc": "0.77119", "best epoch": 4}
{"fold": 1, "epoch": 10, "train acc": "0.65057", "train loss": "0.20893", "test acc": "0.43220", "test loss": "3.83934", "best test acc": "0.77119", "best epoch": 4}
{"fold": 1, "epoch": 11, "train acc": "0.66098", "train loss": "0.10281", "test acc": "0.78814", "test loss": "0.62053", "best test acc": "0.78814", "best epoch": 11}
{"fold": 1, "epoch": 12, "train acc": "0.68466", "train loss": "0.07864", "test acc": "0.82203", "test loss": "0.88164", "best test acc": "0.82203", "best epoch": 12}
{"fold": 1, "epoch": 13, "train acc": "0.70644", "train loss": "0.07126", "test acc": "0.85593", "test loss": "1.15336", "best test acc": "0.85593", "best epoch": 13}
{"fold": 1, "epoch": 14, "train acc": "0.69602", "train loss": "0.07166", "test acc": "0.73729", "test loss": "0.56789", "best test acc": "0.85593", "best epoch": 13}
{"fold": 1, "epoch": 15, "train acc": "0.69223", "train loss": "0.10328", "test acc": "0.72034", "test loss": "0.29134", "best test acc": "0.85593", "best epoch": 13}
{"fold": 1, "epoch": 16, "train acc": "0.68561", "train loss": "0.07830", "test acc": "0.78814", "test loss": "0.27915", "best test acc": "0.85593", "best epoch": 13}
{"fold": 1, "epoch": 17, "train acc": "0.67330", "train loss": "0.11673", "test acc": "0.50000", "test loss": "3.07342", "best test acc": "0.85593", "best epoch": 13}
{"fold": 1, "epoch": 18, "train acc": "0.69413", "train loss": "0.08434", "test acc": "0.71186", "test loss": "3.06058", "best test acc": "0.85593", "best epoch": 13}
{"fold": 1, "epoch": 19, "train acc": "0.70455", "train loss": "0.07963", "test acc": "0.79661", "test loss": "0.68259", "best test acc": "0.85593", "best epoch": 13}
{"fold": 1, "epoch": 20, "train acc": "0.65530", "train loss": "0.08285", "test acc": "0.43220", "test loss": "0.84736", "best test acc": "0.85593", "best epoch": 13}
{"fold": 1, "epoch": 21, "train acc": "0.65625", "train loss": "0.09179", "test acc": "0.77119", "test loss": "0.85301", "best test acc": "0.85593", "best epoch": 13}
{"fold": 1, "epoch": 22, "train acc": "0.71970", "train loss": "0.07311", "test acc": "0.82203", "test loss": "2.57118", "best test acc": "0.85593", "best epoch": 13}
{"fold": 1, "epoch": 23, "train acc": "0.70928", "train loss": "0.07260", "test acc": "0.83898", "test loss": "3.67872", "best test acc": "0.85593", "best epoch": 13}
{"fold": 1, "epoch": 24, "train acc": "0.72538", "train loss": "0.07044", "test acc": "0.85593", "test loss": "0.76785", "best test acc": "0.85593", "best epoch": 24}
{"fold": 1, "epoch": 25, "train acc": "0.74242", "train loss": "0.06767", "test acc": "0.84746", "test loss": "0.09714", "best test acc": "0.85593", "best epoch": 24}
{"fold": 1, "epoch": 26, "train acc": "0.73674", "train loss": "0.06744", "test acc": "0.82203", "test loss": "0.31796", "best test acc": "0.85593", "best epoch": 24}
{"fold": 1, "epoch": 27, "train acc": "0.74621", "train loss": "0.06541", "test acc": "0.82203", "test loss": "0.34311", "best test acc": "0.85593", "best epoch": 24}
{"fold": 1, "epoch": 28, "train acc": "0.74053", "train loss": "0.06456", "test acc": "0.83051", "test loss": "0.49024", "best test acc": "0.85593", "best epoch": 24}
{"fold": 1, "epoch": 29, "train acc": "0.74905", "train loss": "0.06404", "test acc": "0.84746", "test loss": "0.79148", "best test acc": "0.85593", "best epoch": 24}
{"fold": 1, "epoch": 30, "train acc": "0.75852", "train loss": "0.06344", "test acc": "0.83051", "test loss": "0.43425", "best test acc": "0.85593", "best epoch": 24}
{"fold": 1, "epoch": 31, "train acc": "0.74811", "train loss": "0.06264", "test acc": "0.83051", "test loss": "0.79581", "best test acc": "0.85593", "best epoch": 24}
{"fold": 1, "epoch": 32, "train acc": "0.69034", "train loss": "2.69057", "test acc": "0.42373", "test loss": "4.91785", "best test acc": "0.85593", "best epoch": 24}
{"fold": 1, "epoch": 33, "train acc": "0.63826", "train loss": "0.80448", "test acc": "0.38983", "test loss": "12.42672", "best test acc": "0.85593", "best epoch": 24}
{"fold": 1, "epoch": 34, "train acc": "0.65625", "train loss": "0.49008", "test acc": "0.76271", "test loss": "2.19719", "best test acc": "0.85593", "best epoch": 24}
{"fold": 1, "epoch": 35, "train acc": "0.69223", "train loss": "0.18441", "test acc": "0.56780", "test loss": "0.16366", "best test acc": "0.85593", "best epoch": 24}
{"fold": 1, "epoch": 36, "train acc": "0.64962", "train loss": "0.11611", "test acc": "0.69492", "test loss": "1.94735", "best test acc": "0.85593", "best epoch": 24}
{"fold": 1, "epoch": 37, "train acc": "0.67898", "train loss": "0.08030", "test acc": "0.83898", "test loss": "0.98185", "best test acc": "0.85593", "best epoch": 24}
{"fold": 1, "epoch": 38, "train acc": "0.67424", "train loss": "0.07839", "test acc": "0.81356", "test loss": "0.61567", "best test acc": "0.85593", "best epoch": 24}
{"fold": 1, "epoch": 39, "train acc": "0.67140", "train loss": "0.07647", "test acc": "0.82203", "test loss": "0.56108", "best test acc": "0.85593", "best epoch": 24}
{"fold": 1, "epoch": 40, "train acc": "0.66761", "train loss": "0.07630", "test acc": "0.82203", "test loss": "0.56840", "best test acc": "0.85593", "best epoch": 24}
{"fold": 1, "epoch": 41, "train acc": "0.69318", "train loss": "0.07498", "test acc": "0.82203", "test loss": "0.54011", "best test acc": "0.85593", "best epoch": 24}
{"fold": 1, "epoch": 42, "train acc": "0.69129", "train loss": "0.07454", "test acc": "0.81356", "test loss": "0.54075", "best test acc": "0.85593", "best epoch": 24}
{"fold": 1, "epoch": 43, "train acc": "0.69508", "train loss": "0.07407", "test acc": "0.81356", "test loss": "0.53724", "best test acc": "0.85593", "best epoch": 24}
{"fold": 1, "epoch": 44, "train acc": "0.67898", "train loss": "0.07493", "test acc": "0.79661", "test loss": "0.58771", "best test acc": "0.85593", "best epoch": 24}
{"fold": 1, "epoch": 45, "train acc": "0.68561", "train loss": "0.07451", "test acc": "0.81356", "test loss": "0.48832", "best test acc": "0.85593", "best epoch": 24}
{"fold": 1, "epoch": 46, "train acc": "0.69129", "train loss": "0.07350", "test acc": "0.80508", "test loss": "0.53887", "best test acc": "0.85593", "best epoch": 24}
{"fold": 1, "epoch": 47, "train acc": "0.69697", "train loss": "0.07404", "test acc": "0.77966", "test loss": "0.58690", "best test acc": "0.85593", "best epoch": 24}
{"fold": 1, "epoch": 48, "train acc": "0.68561", "train loss": "0.07397", "test acc": "0.79661", "test loss": "0.39709", "best test acc": "0.85593", "best epoch": 24}
{"fold": 1, "epoch": 49, "train acc": "0.70739", "train loss": "0.07320", "test acc": "0.79661", "test loss": "0.36427", "best test acc": "0.85593", "best epoch": 24}
{"fold": 1, "epoch": 50, "train acc": "0.69413", "train loss": "0.07317", "test acc": "0.78814", "test loss": "0.39111", "best test acc": "0.85593", "best epoch": 24}
